{
  "model_source": "models/setup12",
  "results_dir": "results/setup12",
  "device": "cuda",
  "text_field": "response",
  "input_format": "query_response",
  "reference_field": null,
  "reference_label": "GEMINI",
  "pad_to_max_length": false,
  "threshold": 0.5,
  "files": {
    "responses-test-with-neutral_gemini.jsonl": {
      "samples": 6220,
      "accuracy": 0.9980707395498393,
      "labels": [
        0,
        1
      ],
      "matrix": {
        "0": {
          "0": 4312,
          "1": 4
        },
        "1": {
          "0": 8,
          "1": 1896
        }
      },
      "per_label": [
        {
          "label": 0,
          "precision": 0.9981481481481481,
          "recall": 0.9990732159406858,
          "f1": 0.9986104678091708,
          "support": 4316
        },
        {
          "label": 1,
          "precision": 0.9978947368421053,
          "recall": 0.9957983193277311,
          "f1": 0.9968454258675079,
          "support": 1904
        }
      ],
      "positive_label": {
        "precision": 0.9978947368421053,
        "recall": 0.9957983193277311,
        "f1": 0.9968454258675079,
        "support": 1904
      },
      "macro": {
        "precision": 0.9980214424951267,
        "recall": 0.9974357676342085,
        "f1": 0.9977279468383393,
        "support": 6220
      },
      "weighted": {
        "precision": 0.9980705765843692,
        "recall": 0.9980707395498393,
        "f1": 0.9980701720122374,
        "support": 6220
      },
      "generated_field": "gemini25flashlite",
      "generated_positive_rate": 0.008520900321543408
    }
  },
  "overall": {
    "samples": 6220,
    "accuracy": 0.9980707395498393,
    "labels": [
      0,
      1
    ],
    "matrix": {
      "0": {
        "0": 4312,
        "1": 4
      },
      "1": {
        "0": 8,
        "1": 1896
      }
    },
    "per_label": [
      {
        "label": 0,
        "precision": 0.9981481481481481,
        "recall": 0.9990732159406858,
        "f1": 0.9986104678091708,
        "support": 4316
      },
      {
        "label": 1,
        "precision": 0.9978947368421053,
        "recall": 0.9957983193277311,
        "f1": 0.9968454258675079,
        "support": 1904
      }
    ],
    "positive_label": {
      "precision": 0.9978947368421053,
      "recall": 0.9957983193277311,
      "f1": 0.9968454258675079,
      "support": 1904
    },
    "macro": {
      "precision": 0.9980214424951267,
      "recall": 0.9974357676342085,
      "f1": 0.9977279468383393,
      "support": 6220
    },
    "weighted": {
      "precision": 0.9980705765843692,
      "recall": 0.9980707395498393,
      "f1": 0.9980701720122374,
      "support": 6220
    }
  }
}