{
  "scoring_backend": "embedding_divergence",
  "embedding_model_name": "BAAI/bge-large-en-v1.5",
  "model_dir": "models/setup102",
  "results_dir": "results/setup102",
  "device": "cuda",
  "distance_metric": "cosine",
  "neutral_field": "gemini25flashlite",
  "score_granularity": "sentence",
  "sentence_agg": "top3_mean",
  "threshold": 0.5371107061703999,
  "threshold_source": "saved_state",
  "threshold_metric": "positive_f1",
  "calibration_input_files": [
    "data/generated/gemini/responses-validation-with-neutral_gemini.jsonl"
  ],
  "calibration_summary": {
    "samples": 5780,
    "accuracy": 0.3884083044982699,
    "labels": [
      0,
      1
    ],
    "matrix": {
      "0": {
        "0": 577,
        "1": 3422
      },
      "1": {
        "0": 113,
        "1": 1668
      }
    },
    "per_label": [
      {
        "label": 0,
        "precision": 0.836231884057971,
        "recall": 0.14428607151787948,
        "f1": 0.24610791213478353,
        "support": 3999
      },
      {
        "label": 1,
        "precision": 0.3277013752455796,
        "recall": 0.9365524985962942,
        "f1": 0.48551884732935524,
        "support": 1781
      }
    ],
    "positive_label": {
      "precision": 0.3277013752455796,
      "recall": 0.9365524985962942,
      "f1": 0.48551884732935524,
      "support": 1781
    },
    "macro": {
      "precision": 0.5819666296517753,
      "recall": 0.5404192850570868,
      "f1": 0.3658133797320694,
      "support": 5780
    },
    "weighted": {
      "precision": 0.6795376217405196,
      "recall": 0.3884083044982699,
      "f1": 0.3198779598132493,
      "support": 5780
    }
  },
  "files": {
    "responses-test-with-neutral_gemini.jsonl": {
      "samples": 6220,
      "accuracy": 0.3765273311897106,
      "labels": [
        0,
        1
      ],
      "matrix": {
        "0": {
          "0": 582,
          "1": 3734
        },
        "1": {
          "0": 144,
          "1": 1760
        }
      },
      "per_label": [
        {
          "label": 0,
          "precision": 0.8016528925619835,
          "recall": 0.13484708063021317,
          "f1": 0.23086076953589846,
          "support": 4316
        },
        {
          "label": 1,
          "precision": 0.32034947215143794,
          "recall": 0.9243697478991597,
          "f1": 0.47580427142470944,
          "support": 1904
        }
      ],
      "positive_label": {
        "precision": 0.32034947215143794,
        "recall": 0.9243697478991597,
        "f1": 0.47580427142470944,
        "support": 1904
      },
      "macro": {
        "precision": 0.5610011823567107,
        "recall": 0.5296084142646864,
        "f1": 0.35333252048030395,
        "support": 6220
      },
      "weighted": {
        "precision": 0.6543214275359901,
        "recall": 0.3765273311897106,
        "f1": 0.30584025950314864,
        "support": 6220
      },
      "neutral_field": "gemini25flashlite",
      "score_granularity": "sentence",
      "sentence_agg": "top3_mean"
    }
  },
  "overall": {
    "samples": 6220,
    "accuracy": 0.3765273311897106,
    "labels": [
      0,
      1
    ],
    "matrix": {
      "0": {
        "0": 582,
        "1": 3734
      },
      "1": {
        "0": 144,
        "1": 1760
      }
    },
    "per_label": [
      {
        "label": 0,
        "precision": 0.8016528925619835,
        "recall": 0.13484708063021317,
        "f1": 0.23086076953589846,
        "support": 4316
      },
      {
        "label": 1,
        "precision": 0.32034947215143794,
        "recall": 0.9243697478991597,
        "f1": 0.47580427142470944,
        "support": 1904
      }
    ],
    "positive_label": {
      "precision": 0.32034947215143794,
      "recall": 0.9243697478991597,
      "f1": 0.47580427142470944,
      "support": 1904
    },
    "macro": {
      "precision": 0.5610011823567107,
      "recall": 0.5296084142646864,
      "f1": 0.35333252048030395,
      "support": 6220
    },
    "weighted": {
      "precision": 0.6543214275359901,
      "recall": 0.3765273311897106,
      "f1": 0.30584025950314864,
      "support": 6220
    }
  }
}