{
  "model_source": "models/setup105_1",
  "results_dir": "results/setup105_1",
  "generated_provider": null,
  "device": "cuda",
  "text_field": "response",
  "input_format": "query_response",
  "reference_field": null,
  "reference_label": "GEMINI",
  "pad_to_max_length": false,
  "threshold": 0.5,
  "files": {
    "responses-test-with-neutral_gemini.jsonl": {
      "samples": 6220,
      "accuracy": 0.9979099678456592,
      "labels": [
        0,
        1
      ],
      "matrix": {
        "0": {
          "0": 4315,
          "1": 1
        },
        "1": {
          "0": 12,
          "1": 1892
        }
      },
      "per_label": [
        {
          "label": 0,
          "precision": 0.9972267159694939,
          "recall": 0.9997683039851715,
          "f1": 0.9984958926298739,
          "support": 4316
        },
        {
          "label": 1,
          "precision": 0.9994717379820391,
          "recall": 0.9936974789915967,
          "f1": 0.9965762444034765,
          "support": 1904
        }
      ],
      "positive_label": {
        "precision": 0.9994717379820391,
        "recall": 0.9936974789915967,
        "f1": 0.9965762444034765,
        "support": 1904
      },
      "macro": {
        "precision": 0.9983492269757666,
        "recall": 0.9967328914883841,
        "f1": 0.9975360685166752,
        "support": 6220
      },
      "weighted": {
        "precision": 0.9979139381418227,
        "recall": 0.9979099678456592,
        "f1": 0.9979082704075168,
        "support": 6220
      },
      "generated_field": "gemini25flashlite",
      "generated_positive_rate": 0.0014469453376205787
    }
  },
  "overall": {
    "samples": 6220,
    "accuracy": 0.9979099678456592,
    "labels": [
      0,
      1
    ],
    "matrix": {
      "0": {
        "0": 4315,
        "1": 1
      },
      "1": {
        "0": 12,
        "1": 1892
      }
    },
    "per_label": [
      {
        "label": 0,
        "precision": 0.9972267159694939,
        "recall": 0.9997683039851715,
        "f1": 0.9984958926298739,
        "support": 4316
      },
      {
        "label": 1,
        "precision": 0.9994717379820391,
        "recall": 0.9936974789915967,
        "f1": 0.9965762444034765,
        "support": 1904
      }
    ],
    "positive_label": {
      "precision": 0.9994717379820391,
      "recall": 0.9936974789915967,
      "f1": 0.9965762444034765,
      "support": 1904
    },
    "macro": {
      "precision": 0.9983492269757666,
      "recall": 0.9967328914883841,
      "f1": 0.9975360685166752,
      "support": 6220
    },
    "weighted": {
      "precision": 0.9979139381418227,
      "recall": 0.9979099678456592,
      "f1": 0.9979082704075168,
      "support": 6220
    }
  }
}