{
  "model_source": "models/setup115",
  "results_dir": "results/setup115",
  "generated_provider": null,
  "device": "cuda",
  "text_field": "response",
  "input_format": "response_only",
  "reference_field": null,
  "reference_label": "GEMINI",
  "aux_reference_field": null,
  "aux_reference_label": "QWEN",
  "pad_to_max_length": false,
  "threshold": 0.5,
  "files": {
    "responses-test-with-neutral_gemini.jsonl": {
      "samples": 6220,
      "accuracy": 0.9988745980707395,
      "labels": [
        0,
        1
      ],
      "matrix": {
        "0": {
          "0": 4315,
          "1": 1
        },
        "1": {
          "0": 6,
          "1": 1898
        }
      },
      "per_label": [
        {
          "label": 0,
          "precision": 0.9986114325387642,
          "recall": 0.9997683039851715,
          "f1": 0.9991895334028019,
          "support": 4316
        },
        {
          "label": 1,
          "precision": 0.9994734070563455,
          "recall": 0.9968487394957983,
          "f1": 0.9981593478832501,
          "support": 1904
        }
      ],
      "positive_label": {
        "precision": 0.9994734070563455,
        "recall": 0.9968487394957983,
        "f1": 0.9981593478832501,
        "support": 1904
      },
      "macro": {
        "precision": 0.9990424197975548,
        "recall": 0.9983085217404849,
        "f1": 0.998674440643026,
        "support": 6220
      },
      "weighted": {
        "precision": 0.9988752909763003,
        "recall": 0.9988745980707395,
        "f1": 0.9988741840090355,
        "support": 6220
      },
      "generated_field": "gemini25flashlite",
      "generated_positive_rate": 0.0040192926045016075
    }
  },
  "overall": {
    "samples": 6220,
    "accuracy": 0.9988745980707395,
    "labels": [
      0,
      1
    ],
    "matrix": {
      "0": {
        "0": 4315,
        "1": 1
      },
      "1": {
        "0": 6,
        "1": 1898
      }
    },
    "per_label": [
      {
        "label": 0,
        "precision": 0.9986114325387642,
        "recall": 0.9997683039851715,
        "f1": 0.9991895334028019,
        "support": 4316
      },
      {
        "label": 1,
        "precision": 0.9994734070563455,
        "recall": 0.9968487394957983,
        "f1": 0.9981593478832501,
        "support": 1904
      }
    ],
    "positive_label": {
      "precision": 0.9994734070563455,
      "recall": 0.9968487394957983,
      "f1": 0.9981593478832501,
      "support": 1904
    },
    "macro": {
      "precision": 0.9990424197975548,
      "recall": 0.9983085217404849,
      "f1": 0.998674440643026,
      "support": 6220
    },
    "weighted": {
      "precision": 0.9988752909763003,
      "recall": 0.9988745980707395,
      "f1": 0.9988741840090355,
      "support": 6220
    }
  }
}