{
  "model_source": "models/setup13",
  "results_dir": "results/setup13",
  "generated_provider": null,
  "device": "cuda",
  "text_field": "response",
  "input_format": "query_response",
  "reference_field": null,
  "reference_label": "GEMINI",
  "aux_reference_field": null,
  "aux_reference_label": "QWEN",
  "pad_to_max_length": false,
  "threshold": 0.5,
  "files": {
    "responses-test-with-neutral_gemini.jsonl": {
      "samples": 6220,
      "accuracy": 0.6938906752411576,
      "labels": [
        0,
        1
      ],
      "matrix": {
        "0": {
          "0": 4316,
          "1": 0
        },
        "1": {
          "0": 1904,
          "1": 0
        }
      },
      "per_label": [
        {
          "label": 0,
          "precision": 0.6938906752411576,
          "recall": 1.0,
          "f1": 0.8192862566438877,
          "support": 4316
        },
        {
          "label": 1,
          "precision": 0.0,
          "recall": 0.0,
          "f1": 0.0,
          "support": 1904
        }
      ],
      "positive_label": {
        "precision": 0.0,
        "recall": 0.0,
        "f1": 0.0,
        "support": 1904
      },
      "macro": {
        "precision": 0.3469453376205788,
        "recall": 0.5,
        "f1": 0.40964312832194383,
        "support": 6220
      },
      "weighted": {
        "precision": 0.48148426918662957,
        "recall": 0.6938906752411576,
        "f1": 0.5684950938384276,
        "support": 6220
      },
      "generated_field": "gemini25flashlite",
      "generated_positive_rate": 0.0
    }
  },
  "overall": {
    "samples": 6220,
    "accuracy": 0.6938906752411576,
    "labels": [
      0,
      1
    ],
    "matrix": {
      "0": {
        "0": 4316,
        "1": 0
      },
      "1": {
        "0": 1904,
        "1": 0
      }
    },
    "per_label": [
      {
        "label": 0,
        "precision": 0.6938906752411576,
        "recall": 1.0,
        "f1": 0.8192862566438877,
        "support": 4316
      },
      {
        "label": 1,
        "precision": 0.0,
        "recall": 0.0,
        "f1": 0.0,
        "support": 1904
      }
    ],
    "positive_label": {
      "precision": 0.0,
      "recall": 0.0,
      "f1": 0.0,
      "support": 1904
    },
    "macro": {
      "precision": 0.3469453376205788,
      "recall": 0.5,
      "f1": 0.40964312832194383,
      "support": 6220
    },
    "weighted": {
      "precision": 0.48148426918662957,
      "recall": 0.6938906752411576,
      "f1": 0.5684950938384276,
      "support": 6220
    }
  }
}