{
  "model_source": "models/setup106",
  "results_dir": "results/setup106",
  "generated_provider": null,
  "device": "cuda",
  "text_field": "response",
  "input_format": "query_response",
  "reference_field": null,
  "reference_label": "GEMINI",
  "pad_to_max_length": false,
  "threshold": 0.5,
  "files": {
    "responses-test-with-neutral_gemini.jsonl": {
      "samples": 6220,
      "accuracy": 0.9747588424437299,
      "labels": [
        0,
        1
      ],
      "matrix": {
        "0": {
          "0": 4196,
          "1": 120
        },
        "1": {
          "0": 37,
          "1": 1867
        }
      },
      "per_label": [
        {
          "label": 0,
          "precision": 0.9912591542641153,
          "recall": 0.9721964782205746,
          "f1": 0.9816352789799976,
          "support": 4316
        },
        {
          "label": 1,
          "precision": 0.9396074484146956,
          "recall": 0.9805672268907563,
          "f1": 0.9596504754561809,
          "support": 1904
        }
      ],
      "positive_label": {
        "precision": 0.9396074484146956,
        "recall": 0.9805672268907563,
        "f1": 0.9596504754561809,
        "support": 1904
      },
      "macro": {
        "precision": 0.9654333013394054,
        "recall": 0.9763818525556655,
        "f1": 0.9706428772180893,
        "support": 6220
      },
      "weighted": {
        "precision": 0.975448085463907,
        "recall": 0.9747588424437299,
        "f1": 0.9749055256183662,
        "support": 6220
      },
      "generated_field": "gemini25flashlite",
      "generated_positive_rate": 0.002411575562700965
    }
  },
  "overall": {
    "samples": 6220,
    "accuracy": 0.9747588424437299,
    "labels": [
      0,
      1
    ],
    "matrix": {
      "0": {
        "0": 4196,
        "1": 120
      },
      "1": {
        "0": 37,
        "1": 1867
      }
    },
    "per_label": [
      {
        "label": 0,
        "precision": 0.9912591542641153,
        "recall": 0.9721964782205746,
        "f1": 0.9816352789799976,
        "support": 4316
      },
      {
        "label": 1,
        "precision": 0.9396074484146956,
        "recall": 0.9805672268907563,
        "f1": 0.9596504754561809,
        "support": 1904
      }
    ],
    "positive_label": {
      "precision": 0.9396074484146956,
      "recall": 0.9805672268907563,
      "f1": 0.9596504754561809,
      "support": 1904
    },
    "macro": {
      "precision": 0.9654333013394054,
      "recall": 0.9763818525556655,
      "f1": 0.9706428772180893,
      "support": 6220
    },
    "weighted": {
      "precision": 0.975448085463907,
      "recall": 0.9747588424437299,
      "f1": 0.9749055256183662,
      "support": 6220
    }
  }
}