{
  "model_source": "models/setup6",
  "results_dir": "results/setup6",
  "generated_provider": null,
  "device": "cuda",
  "text_field": "response",
  "input_format": "query_response",
  "reference_field": null,
  "reference_label": "GEMINI",
  "aux_reference_field": null,
  "aux_reference_label": "QWEN",
  "pad_to_max_length": false,
  "threshold": 0.5,
  "files": {
    "responses-test-with-neutral_gemini.jsonl": {
      "samples": 6220,
      "accuracy": 0.9990353697749196,
      "labels": [
        0,
        1
      ],
      "matrix": {
        "0": {
          "0": 4313,
          "1": 3
        },
        "1": {
          "0": 3,
          "1": 1901
        }
      },
      "per_label": [
        {
          "label": 0,
          "precision": 0.9993049119555144,
          "recall": 0.9993049119555144,
          "f1": 0.9993049119555144,
          "support": 4316
        },
        {
          "label": 1,
          "precision": 0.9984243697478992,
          "recall": 0.9984243697478992,
          "f1": 0.9984243697478992,
          "support": 1904
        }
      ],
      "positive_label": {
        "precision": 0.9984243697478992,
        "recall": 0.9984243697478992,
        "f1": 0.9984243697478992,
        "support": 1904
      },
      "macro": {
        "precision": 0.9988646408517068,
        "recall": 0.9988646408517068,
        "f1": 0.9988646408517068,
        "support": 6220
      },
      "weighted": {
        "precision": 0.9990353697749196,
        "recall": 0.9990353697749196,
        "f1": 0.9990353697749196,
        "support": 6220
      },
      "generated_field": "gemini25flashlite",
      "generated_positive_rate": 0.0090032154340836
    }
  },
  "overall": {
    "samples": 6220,
    "accuracy": 0.9990353697749196,
    "labels": [
      0,
      1
    ],
    "matrix": {
      "0": {
        "0": 4313,
        "1": 3
      },
      "1": {
        "0": 3,
        "1": 1901
      }
    },
    "per_label": [
      {
        "label": 0,
        "precision": 0.9993049119555144,
        "recall": 0.9993049119555144,
        "f1": 0.9993049119555144,
        "support": 4316
      },
      {
        "label": 1,
        "precision": 0.9984243697478992,
        "recall": 0.9984243697478992,
        "f1": 0.9984243697478992,
        "support": 1904
      }
    ],
    "positive_label": {
      "precision": 0.9984243697478992,
      "recall": 0.9984243697478992,
      "f1": 0.9984243697478992,
      "support": 1904
    },
    "macro": {
      "precision": 0.9988646408517068,
      "recall": 0.9988646408517068,
      "f1": 0.9988646408517068,
      "support": 6220
    },
    "weighted": {
      "precision": 0.9990353697749196,
      "recall": 0.9990353697749196,
      "f1": 0.9990353697749196,
      "support": 6220
    }
  }
}