{
  "model_source": "models/setup6",
  "results_dir": "results/setup6",
  "device": "cuda",
  "text_field": "response",
  "input_format": "query_response",
  "reference_field": null,
  "reference_label": "GEMINI",
  "pad_to_max_length": false,
  "threshold": 0.5,
  "files": {
    "responses-test-with-neutral_gemini.jsonl": {
      "samples": 6220,
      "accuracy": 0.9979099678456592,
      "labels": [
        0,
        1
      ],
      "matrix": {
        "0": {
          "0": 4305,
          "1": 11
        },
        "1": {
          "0": 2,
          "1": 1902
        }
      },
      "per_label": [
        {
          "label": 0,
          "precision": 0.9995356396563734,
          "recall": 0.997451343836886,
          "f1": 0.9984924040357185,
          "support": 4316
        },
        {
          "label": 1,
          "precision": 0.9942498693152118,
          "recall": 0.9989495798319328,
          "f1": 0.9965941839140687,
          "support": 1904
        }
      ],
      "positive_label": {
        "precision": 0.9942498693152118,
        "recall": 0.9989495798319328,
        "f1": 0.9965941839140687,
        "support": 1904
      },
      "macro": {
        "precision": 0.9968927544857926,
        "recall": 0.9982004618344094,
        "f1": 0.9975432939748936,
        "support": 6220
      },
      "weighted": {
        "precision": 0.9979176160664099,
        "recall": 0.9979099678456592,
        "f1": 0.9979113411560366,
        "support": 6220
      },
      "generated_field": "gemini25flashlite",
      "generated_positive_rate": 0.03617363344051447
    }
  },
  "overall": {
    "samples": 6220,
    "accuracy": 0.9979099678456592,
    "labels": [
      0,
      1
    ],
    "matrix": {
      "0": {
        "0": 4305,
        "1": 11
      },
      "1": {
        "0": 2,
        "1": 1902
      }
    },
    "per_label": [
      {
        "label": 0,
        "precision": 0.9995356396563734,
        "recall": 0.997451343836886,
        "f1": 0.9984924040357185,
        "support": 4316
      },
      {
        "label": 1,
        "precision": 0.9942498693152118,
        "recall": 0.9989495798319328,
        "f1": 0.9965941839140687,
        "support": 1904
      }
    ],
    "positive_label": {
      "precision": 0.9942498693152118,
      "recall": 0.9989495798319328,
      "f1": 0.9965941839140687,
      "support": 1904
    },
    "macro": {
      "precision": 0.9968927544857926,
      "recall": 0.9982004618344094,
      "f1": 0.9975432939748936,
      "support": 6220
    },
    "weighted": {
      "precision": 0.9979176160664099,
      "recall": 0.9979099678456592,
      "f1": 0.9979113411560366,
      "support": 6220
    }
  }
}