{
  "model_source": "models/setup6",
  "results_dir": "results/setup6",
  "device": "cuda",
  "text_field": "response",
  "input_format": "query_response",
  "reference_field": null,
  "reference_label": "GEMINI",
  "pad_to_max_length": false,
  "threshold": 0.5,
  "files": {
    "responses-validation-with-neutral_gemini.jsonl": {
      "samples": 5780,
      "accuracy": 0.30813148788927336,
      "labels": [
        0,
        1
      ],
      "matrix": {
        "0": {
          "0": 0,
          "1": 3999
        },
        "1": {
          "0": 0,
          "1": 1781
        }
      },
      "per_label": [
        {
          "label": 0,
          "precision": 0.0,
          "recall": 0.0,
          "f1": 0.0,
          "support": 3999
        },
        {
          "label": 1,
          "precision": 0.30813148788927336,
          "recall": 1.0,
          "f1": 0.47110170612352864,
          "support": 1781
        }
      ],
      "positive_label": {
        "precision": 0.30813148788927336,
        "recall": 1.0,
        "f1": 0.47110170612352864,
        "support": 1781
      },
      "macro": {
        "precision": 0.15406574394463668,
        "recall": 0.5,
        "f1": 0.23555085306176432,
        "support": 5780
      },
      "weighted": {
        "precision": 0.09494501382885742,
        "recall": 0.30813148788927336,
        "f1": 0.14516126965501808,
        "support": 5780
      },
      "generated_field": "gemini25flashlite",
      "generated_positive_rate": 1.0
    },
    "responses-test-with-neutral_gemini.jsonl": {
      "samples": 6220,
      "accuracy": 0.30610932475884245,
      "labels": [
        0,
        1
      ],
      "matrix": {
        "0": {
          "0": 0,
          "1": 4316
        },
        "1": {
          "0": 0,
          "1": 1904
        }
      },
      "per_label": [
        {
          "label": 0,
          "precision": 0.0,
          "recall": 0.0,
          "f1": 0.0,
          "support": 4316
        },
        {
          "label": 1,
          "precision": 0.30610932475884245,
          "recall": 1.0,
          "f1": 0.4687346134908912,
          "support": 1904
        }
      ],
      "positive_label": {
        "precision": 0.30610932475884245,
        "recall": 1.0,
        "f1": 0.4687346134908912,
        "support": 1904
      },
      "macro": {
        "precision": 0.15305466237942122,
        "recall": 0.5,
        "f1": 0.2343673067454456,
        "support": 6220
      },
      "weighted": {
        "precision": 0.09370291870431448,
        "recall": 0.30610932475884245,
        "f1": 0.14348403602679372,
        "support": 6220
      },
      "generated_field": "gemini25flashlite",
      "generated_positive_rate": 1.0
    }
  },
  "overall": {
    "samples": 12000,
    "accuracy": 0.3070833333333333,
    "labels": [
      0,
      1
    ],
    "matrix": {
      "0": {
        "0": 0,
        "1": 8315
      },
      "1": {
        "0": 0,
        "1": 3685
      }
    },
    "per_label": [
      {
        "label": 0,
        "precision": 0.0,
        "recall": 0.0,
        "f1": 0.0,
        "support": 8315
      },
      {
        "label": 1,
        "precision": 0.3070833333333333,
        "recall": 1.0,
        "f1": 0.4698756773987886,
        "support": 3685
      }
    ],
    "positive_label": {
      "precision": 0.3070833333333333,
      "recall": 1.0,
      "f1": 0.4698756773987886,
      "support": 3685
    },
    "macro": {
      "precision": 0.15354166666666666,
      "recall": 0.5,
      "f1": 0.2349378386993943,
      "support": 12000
    },
    "weighted": {
      "precision": 0.09430017361111111,
      "recall": 0.3070833333333333,
      "f1": 0.144290989267878,
      "support": 12000
    }
  }
}