{
  "scoring_backend": "embedding_divergence",
  "embedding_model_name": "sentence-transformers/all-mpnet-base-v2",
  "model_dir": "models/setup101",
  "results_dir": "results/setup101",
  "device": "cuda",
  "distance_metric": "cosine",
  "neutral_field": "gemini25flashlite",
  "score_granularity": "sentence",
  "sentence_agg": "top3_mean",
  "threshold": 0.7149480084578196,
  "threshold_source": "saved_state",
  "threshold_metric": "positive_f1",
  "calibration_input_files": [
    "data/generated/gemini/responses-validation-with-neutral_gemini.jsonl"
  ],
  "calibration_summary": {
    "samples": 5780,
    "accuracy": 0.3866782006920415,
    "labels": [
      0,
      1
    ],
    "matrix": {
      "0": {
        "0": 557,
        "1": 3442
      },
      "1": {
        "0": 103,
        "1": 1678
      }
    },
    "per_label": [
      {
        "label": 0,
        "precision": 0.843939393939394,
        "recall": 0.13928482120530133,
        "f1": 0.23910710452886888,
        "support": 3999
      },
      {
        "label": 1,
        "precision": 0.327734375,
        "recall": 0.9421673217293656,
        "f1": 0.4863063324155919,
        "support": 1781
      }
    ],
    "positive_label": {
      "precision": 0.327734375,
      "recall": 0.9421673217293656,
      "f1": 0.4863063324155919,
      "support": 1781
    },
    "macro": {
      "precision": 0.5858368844696971,
      "recall": 0.5407260714673334,
      "f1": 0.3627067184722304,
      "support": 5780
    },
    "weighted": {
      "precision": 0.684880373397688,
      "recall": 0.3866782006920415,
      "f1": 0.3152769704226844,
      "support": 5780
    }
  },
  "files": {
    "responses-test-with-neutral_gemini.jsonl": {
      "samples": 6220,
      "accuracy": 0.37588424437299034,
      "labels": [
        0,
        1
      ],
      "matrix": {
        "0": {
          "0": 559,
          "1": 3757
        },
        "1": {
          "0": 125,
          "1": 1779
        }
      },
      "per_label": [
        {
          "label": 0,
          "precision": 0.8172514619883041,
          "recall": 0.12951807228915663,
          "f1": 0.22360000000000002,
          "support": 4316
        },
        {
          "label": 1,
          "precision": 0.32135115606936415,
          "recall": 0.9343487394957983,
          "f1": 0.4782258064516129,
          "support": 1904
        }
      ],
      "positive_label": {
        "precision": 0.32135115606936415,
        "recall": 0.9343487394957983,
        "f1": 0.4782258064516129,
        "support": 1904
      },
      "macro": {
        "precision": 0.5693013090288341,
        "recall": 0.5319334058924775,
        "f1": 0.3509129032258065,
        "support": 6220
      },
      "weighted": {
        "precision": 0.6654517541957541,
        "recall": 0.37588424437299034,
        "f1": 0.30154333367907893,
        "support": 6220
      },
      "neutral_field": "gemini25flashlite",
      "score_granularity": "sentence",
      "sentence_agg": "top3_mean"
    }
  },
  "overall": {
    "samples": 6220,
    "accuracy": 0.37588424437299034,
    "labels": [
      0,
      1
    ],
    "matrix": {
      "0": {
        "0": 559,
        "1": 3757
      },
      "1": {
        "0": 125,
        "1": 1779
      }
    },
    "per_label": [
      {
        "label": 0,
        "precision": 0.8172514619883041,
        "recall": 0.12951807228915663,
        "f1": 0.22360000000000002,
        "support": 4316
      },
      {
        "label": 1,
        "precision": 0.32135115606936415,
        "recall": 0.9343487394957983,
        "f1": 0.4782258064516129,
        "support": 1904
      }
    ],
    "positive_label": {
      "precision": 0.32135115606936415,
      "recall": 0.9343487394957983,
      "f1": 0.4782258064516129,
      "support": 1904
    },
    "macro": {
      "precision": 0.5693013090288341,
      "recall": 0.5319334058924775,
      "f1": 0.3509129032258065,
      "support": 6220
    },
    "weighted": {
      "precision": 0.6654517541957541,
      "recall": 0.37588424437299034,
      "f1": 0.30154333367907893,
      "support": 6220
    }
  }
}