{
  "model_source": "models/setup113",
  "results_dir": "results/setup113",
  "generated_provider": null,
  "device": "cuda",
  "text_field": "response",
  "input_format": "query_response",
  "reference_field": null,
  "reference_label": "GEMINI",
  "pad_to_max_length": false,
  "threshold": 0.5,
  "files": {
    "responses-test-with-neutral_gemini.jsonl": {
      "samples": 6220,
      "accuracy": 0.9877813504823151,
      "labels": [
        0,
        1
      ],
      "matrix": {
        "0": {
          "0": 4260,
          "1": 56
        },
        "1": {
          "0": 20,
          "1": 1884
        }
      },
      "per_label": [
        {
          "label": 0,
          "precision": 0.9953271028037384,
          "recall": 0.9870250231696015,
          "f1": 0.9911586784550954,
          "support": 4316
        },
        {
          "label": 1,
          "precision": 0.9711340206185567,
          "recall": 0.9894957983193278,
          "f1": 0.9802289281997918,
          "support": 1904
        }
      ],
      "positive_label": {
        "precision": 0.9711340206185567,
        "recall": 0.9894957983193278,
        "f1": 0.9802289281997918,
        "support": 1904
      },
      "macro": {
        "precision": 0.9832305617111475,
        "recall": 0.9882604107444646,
        "f1": 0.9856938033274436,
        "support": 6220
      },
      "weighted": {
        "precision": 0.9879213747521971,
        "recall": 0.9877813504823151,
        "f1": 0.9878129799846618,
        "support": 6220
      },
      "generated_field": "gemini25flashlite",
      "generated_positive_rate": 0.0019292604501607716
    }
  },
  "overall": {
    "samples": 6220,
    "accuracy": 0.9877813504823151,
    "labels": [
      0,
      1
    ],
    "matrix": {
      "0": {
        "0": 4260,
        "1": 56
      },
      "1": {
        "0": 20,
        "1": 1884
      }
    },
    "per_label": [
      {
        "label": 0,
        "precision": 0.9953271028037384,
        "recall": 0.9870250231696015,
        "f1": 0.9911586784550954,
        "support": 4316
      },
      {
        "label": 1,
        "precision": 0.9711340206185567,
        "recall": 0.9894957983193278,
        "f1": 0.9802289281997918,
        "support": 1904
      }
    ],
    "positive_label": {
      "precision": 0.9711340206185567,
      "recall": 0.9894957983193278,
      "f1": 0.9802289281997918,
      "support": 1904
    },
    "macro": {
      "precision": 0.9832305617111475,
      "recall": 0.9882604107444646,
      "f1": 0.9856938033274436,
      "support": 6220
    },
    "weighted": {
      "precision": 0.9879213747521971,
      "recall": 0.9877813504823151,
      "f1": 0.9878129799846618,
      "support": 6220
    }
  }
}