{
  "scoring_backend": "response_embedding_classifier",
  "embedding_model_name": "sentence-transformers/all-mpnet-base-v2",
  "model_dir": "models/setup104-base",
  "results_dir": "results/setup104-base",
  "device": "cuda",
  "response_field": "response",
  "neutral_field": "qwen",
  "aux_neutral_field": "qwen",
  "query_field": "query",
  "threshold": 0.5118049218092995,
  "threshold_source": "saved_state",
  "threshold_metric": "macro_f1",
  "input_files": [
    "data/generated/qwen/responses-test-with-neutral_qwen.jsonl"
  ],
  "aux_input_files": [],
  "calibration_input_files": [
    "data/generated/qwen/responses-validation-with-neutral_qwen.jsonl"
  ],
  "aux_calibration_input_files": [],
  "calibration_summary": {
    "samples": 5780,
    "accuracy": 0.7475778546712802,
    "labels": [
      0,
      1
    ],
    "matrix": {
      "0": {
        "0": 3133,
        "1": 866
      },
      "1": {
        "0": 593,
        "1": 1188
      }
    },
    "per_label": [
      {
        "label": 0,
        "precision": 0.8408480944712828,
        "recall": 0.7834458614653663,
        "f1": 0.8111326860841424,
        "support": 3999
      },
      {
        "label": 1,
        "precision": 0.578383641674781,
        "recall": 0.6670409882088714,
        "f1": 0.6195567144719687,
        "support": 1781
      }
    ],
    "positive_label": {
      "precision": 0.578383641674781,
      "recall": 0.6670409882088714,
      "f1": 0.6195567144719687,
      "support": 1781
    },
    "macro": {
      "precision": 0.7096158680730319,
      "recall": 0.7252434248371189,
      "f1": 0.7153447002780555,
      "support": 5780
    },
    "weighted": {
      "precision": 0.7599745321130528,
      "recall": 0.7475778546712802,
      "f1": 0.75210209690745,
      "support": 5780
    }
  },
  "files": {
    "responses-test-with-neutral_qwen.jsonl": {
      "samples": 6220,
      "accuracy": 0.7371382636655949,
      "labels": [
        0,
        1
      ],
      "matrix": {
        "0": {
          "0": 3335,
          "1": 981
        },
        "1": {
          "0": 654,
          "1": 1250
        }
      },
      "per_label": [
        {
          "label": 0,
          "precision": 0.8360491351215844,
          "recall": 0.7727062094531975,
          "f1": 0.8031306441902468,
          "support": 4316
        },
        {
          "label": 1,
          "precision": 0.5602868668758404,
          "recall": 0.6565126050420168,
          "f1": 0.6045949214026601,
          "support": 1904
        }
      ],
      "positive_label": {
        "precision": 0.5602868668758404,
        "recall": 0.6565126050420168,
        "f1": 0.6045949214026601,
        "support": 1904
      },
      "macro": {
        "precision": 0.6981680009987123,
        "recall": 0.7146094072476071,
        "f1": 0.7038627827964534,
        "support": 6220
      },
      "weighted": {
        "precision": 0.7516357333949129,
        "recall": 0.7371382636655949,
        "f1": 0.74235700814723,
        "support": 6220
      },
      "response_field": "response",
      "neutral_field": "qwen",
      "aux_neutral_field": "qwen"
    }
  },
  "overall": {
    "samples": 6220,
    "accuracy": 0.7371382636655949,
    "labels": [
      0,
      1
    ],
    "matrix": {
      "0": {
        "0": 3335,
        "1": 981
      },
      "1": {
        "0": 654,
        "1": 1250
      }
    },
    "per_label": [
      {
        "label": 0,
        "precision": 0.8360491351215844,
        "recall": 0.7727062094531975,
        "f1": 0.8031306441902468,
        "support": 4316
      },
      {
        "label": 1,
        "precision": 0.5602868668758404,
        "recall": 0.6565126050420168,
        "f1": 0.6045949214026601,
        "support": 1904
      }
    ],
    "positive_label": {
      "precision": 0.5602868668758404,
      "recall": 0.6565126050420168,
      "f1": 0.6045949214026601,
      "support": 1904
    },
    "macro": {
      "precision": 0.6981680009987123,
      "recall": 0.7146094072476071,
      "f1": 0.7038627827964534,
      "support": 6220
    },
    "weighted": {
      "precision": 0.7516357333949129,
      "recall": 0.7371382636655949,
      "f1": 0.74235700814723,
      "support": 6220
    }
  }
}