{
  "scoring_backend": "embedding_divergence",
  "embedding_model_name": "sentence-transformers/all-mpnet-base-v2",
  "model_dir": "models/setup100",
  "results_dir": "results/setup100",
  "device": "cuda",
  "distance_metric": "cosine",
  "neutral_field": "gemini25flashlite",
  "score_granularity": "sentence",
  "sentence_agg": "mean",
  "threshold": 0.8034206575155258,
  "threshold_source": "saved_state",
  "threshold_metric": "macro_f1",
  "calibration_input_files": [
    "data/generated/gemini/responses-validation-with-neutral_gemini.jsonl"
  ],
  "calibration_summary": {
    "samples": 5780,
    "accuracy": 0.5321799307958478,
    "labels": [
      0,
      1
    ],
    "matrix": {
      "0": {
        "0": 2546,
        "1": 1453
      },
      "1": {
        "0": 1251,
        "1": 530
      }
    },
    "per_label": [
      {
        "label": 0,
        "precision": 0.6705293652883856,
        "recall": 0.6366591647911978,
        "f1": 0.6531554643406875,
        "support": 3999
      },
      {
        "label": 1,
        "precision": 0.26727181038830056,
        "recall": 0.29758562605277933,
        "f1": 0.281615302869288,
        "support": 1781
      }
    ],
    "positive_label": {
      "precision": 0.26727181038830056,
      "recall": 0.29758562605277933,
      "f1": 0.281615302869288,
      "support": 1781
    },
    "macro": {
      "precision": 0.4689005878383431,
      "recall": 0.4671223954219885,
      "f1": 0.4673853836049877,
      "support": 5780
    },
    "weighted": {
      "precision": 0.546273014894432,
      "recall": 0.5321799307958478,
      "f1": 0.5386722415758843,
      "support": 5780
    }
  },
  "files": {
    "responses-test-with-neutral_gemini.jsonl": {
      "samples": 6220,
      "accuracy": 0.5245980707395499,
      "labels": [
        0,
        1
      ],
      "matrix": {
        "0": {
          "0": 2755,
          "1": 1561
        },
        "1": {
          "0": 1396,
          "1": 508
        }
      },
      "per_label": [
        {
          "label": 0,
          "precision": 0.663695495061431,
          "recall": 0.6383225208526413,
          "f1": 0.6507617810322429,
          "support": 4316
        },
        {
          "label": 1,
          "precision": 0.24552924117931368,
          "recall": 0.2668067226890756,
          "f1": 0.2557261515227787,
          "support": 1904
        }
      ],
      "positive_label": {
        "precision": 0.24552924117931368,
        "recall": 0.2668067226890756,
        "f1": 0.2557261515227787,
        "support": 1904
      },
      "macro": {
        "precision": 0.4546123681203723,
        "recall": 0.45256462177085843,
        "f1": 0.45324396627751085,
        "support": 6220
      },
      "weighted": {
        "precision": 0.5356909054486414,
        "recall": 0.5245980707395499,
        "f1": 0.5298376912274166,
        "support": 6220
      },
      "neutral_field": "gemini25flashlite",
      "score_granularity": "sentence",
      "sentence_agg": "mean"
    }
  },
  "overall": {
    "samples": 6220,
    "accuracy": 0.5245980707395499,
    "labels": [
      0,
      1
    ],
    "matrix": {
      "0": {
        "0": 2755,
        "1": 1561
      },
      "1": {
        "0": 1396,
        "1": 508
      }
    },
    "per_label": [
      {
        "label": 0,
        "precision": 0.663695495061431,
        "recall": 0.6383225208526413,
        "f1": 0.6507617810322429,
        "support": 4316
      },
      {
        "label": 1,
        "precision": 0.24552924117931368,
        "recall": 0.2668067226890756,
        "f1": 0.2557261515227787,
        "support": 1904
      }
    ],
    "positive_label": {
      "precision": 0.24552924117931368,
      "recall": 0.2668067226890756,
      "f1": 0.2557261515227787,
      "support": 1904
    },
    "macro": {
      "precision": 0.4546123681203723,
      "recall": 0.45256462177085843,
      "f1": 0.45324396627751085,
      "support": 6220
    },
    "weighted": {
      "precision": 0.5356909054486414,
      "recall": 0.5245980707395499,
      "f1": 0.5298376912274166,
      "support": 6220
    }
  }
}