{
  "scoring_backend": "embedding_divergence",
  "embedding_model_name": "sentence-transformers/all-MiniLM-L6-v2",
  "model_dir": "models/setup100",
  "results_dir": "results/setup100",
  "device": "cuda",
  "distance_metric": "cosine",
  "neutral_field": "gemini25flashlite",
  "score_granularity": "sentence",
  "sentence_agg": "max",
  "threshold": 0.703036904335022,
  "threshold_source": "saved_state",
  "threshold_metric": "positive_f1",
  "calibration_input_files": [
    "data/generated/gemini/responses-validation-with-neutral_gemini.jsonl"
  ],
  "calibration_summary": {
    "samples": 5780,
    "accuracy": 0.35847750865051903,
    "labels": [
      0,
      1
    ],
    "matrix": {
      "0": {
        "0": 334,
        "1": 3665
      },
      "1": {
        "0": 43,
        "1": 1738
      }
    },
    "per_label": [
      {
        "label": 0,
        "precision": 0.8859416445623343,
        "recall": 0.08352088022005501,
        "f1": 0.1526508226691042,
        "support": 3999
      },
      {
        "label": 1,
        "precision": 0.32167314454932444,
        "recall": 0.9758562605277934,
        "f1": 0.4838530066815145,
        "support": 1781
      }
    ],
    "positive_label": {
      "precision": 0.32167314454932444,
      "recall": 0.9758562605277934,
      "f1": 0.4838530066815145,
      "support": 1781
    },
    "macro": {
      "precision": 0.6038073945558293,
      "recall": 0.5296885703739243,
      "f1": 0.31825191467530933,
      "support": 5780
    },
    "weighted": {
      "precision": 0.712072752084277,
      "recall": 0.35847750865051903,
      "f1": 0.25470464442102514,
      "support": 5780
    }
  },
  "files": {
    "responses-test-with-neutral_gemini.jsonl": {
      "samples": 6220,
      "accuracy": 0.34839228295819935,
      "labels": [
        0,
        1
      ],
      "matrix": {
        "0": {
          "0": 312,
          "1": 4004
        },
        "1": {
          "0": 49,
          "1": 1855
        }
      },
      "per_label": [
        {
          "label": 0,
          "precision": 0.8642659279778393,
          "recall": 0.07228915662650602,
          "f1": 0.1334188582424631,
          "support": 4316
        },
        {
          "label": 1,
          "precision": 0.31660692951015534,
          "recall": 0.9742647058823529,
          "f1": 0.4779080252479712,
          "support": 1904
        }
      ],
      "positive_label": {
        "precision": 0.31660692951015534,
        "recall": 0.9742647058823529,
        "f1": 0.4779080252479712,
        "support": 1904
      },
      "macro": {
        "precision": 0.5904364287439974,
        "recall": 0.5232769312544294,
        "f1": 0.30566344174521715,
        "support": 6220
      },
      "weighted": {
        "precision": 0.6966224017587928,
        "recall": 0.34839228295819935,
        "f1": 0.2388702045412553,
        "support": 6220
      },
      "neutral_field": "gemini25flashlite",
      "score_granularity": "sentence",
      "sentence_agg": "max"
    }
  },
  "overall": {
    "samples": 6220,
    "accuracy": 0.34839228295819935,
    "labels": [
      0,
      1
    ],
    "matrix": {
      "0": {
        "0": 312,
        "1": 4004
      },
      "1": {
        "0": 49,
        "1": 1855
      }
    },
    "per_label": [
      {
        "label": 0,
        "precision": 0.8642659279778393,
        "recall": 0.07228915662650602,
        "f1": 0.1334188582424631,
        "support": 4316
      },
      {
        "label": 1,
        "precision": 0.31660692951015534,
        "recall": 0.9742647058823529,
        "f1": 0.4779080252479712,
        "support": 1904
      }
    ],
    "positive_label": {
      "precision": 0.31660692951015534,
      "recall": 0.9742647058823529,
      "f1": 0.4779080252479712,
      "support": 1904
    },
    "macro": {
      "precision": 0.5904364287439974,
      "recall": 0.5232769312544294,
      "f1": 0.30566344174521715,
      "support": 6220
    },
    "weighted": {
      "precision": 0.6966224017587928,
      "recall": 0.34839228295819935,
      "f1": 0.2388702045412553,
      "support": 6220
    }
  }
}